,timestamp,input_text,response
0,2024-08-05 17:27:34.666031,"happy, young, indian”, “model”: ”phi3"," Young Indian hearts so happy and bright,
Modeling dreams take flight in the night.
Phi three whispers secrets of delight,
In their journey towards success, they unite.
A future painted with joy, pure and right."
1,2025-02-20 12:30:02.741841,I am very happy. I am very sad,"{'positive': 1, 'negative': 1, 'neutral': 0}"
2,2025-02-20 12:30:07.014136,Quantum machine learning uses quantum algorithms on quantum computers to speed up machine learning,Quantenmaschinenlernen verwendet Quantenalgorithmen auf Quantencomputern maschinelle Lernen zu beschleunigen.
3,2025-02-20 15:55:53.931123,Quantum machine learning uses quantum algorithms on quantum computers to speed up machine learning,Quantenmaschinenlernen verwendet Quantenalgorithmen auf Quantencomputern maschinelle Lernen zu beschleunigen.
4,2025-02-20 15:55:59.822964,I am very happy. I am very sad,"{'positive': 1, 'negative': 1, 'neutral': 0}"
5,2025-02-22 15:16:59.086810,I am very happy. I am very sad,"{'positive': 1, 'negative': 1, 'neutral': 0}"
6,2025-02-22 15:17:08.565166,Quantum machine learning uses quantum algorithms on quantum computers to speed up machine learning,Quantenmaschinenlernen verwendet Quantenalgorithmen auf Quantencomputern maschinelle Lernen zu beschleunigen.
7,2025-02-22 15:23:36.352406,Quantum machine learning uses quantum arithms on quantum computers to speed up machine learning,Quantenmaschinenlernen verwendet Quantenberechnungen auf Quantencomputern maschinelle Lernen zu beschleunigen.
8,2025-02-22 15:23:45.744842,I am very happy. I am very happy,"{'positive': 2, 'negative': 0, 'neutral': 0}"
9,2025-02-25 00:29:32.147441,"{'date': '2025-02-22', 'text': 'On 22nd February 2025, the financial summary for multiple users was generated. Rahul Sharma earns ₹12,00,000 annually, spends ₹6,00,000, and has invested ₹3,00,000 in mutual funds and ₹1,50,000 in stocks. He also has a credit card debt of ₹2,00,000. Priya Verma has an annual salary of ₹18,50,000 with expenses of ₹9,75,000. She has invested ₹2,50,000 in real estate and ₹1,00,000 in gold, and has a home loan of ₹5,00,000. Anil Mehta earns ₹9,50,000 per year and spends ₹4,00,000. He has a personal loan debt of ₹1,00,000 and a car loan of ₹3,50,000, along with savings of ₹1,75,000 in fixed deposits. Sunita Kapoor has a yearly salary of ₹22,00,000 and spends ₹10,00,000. She has invested ₹5,00,000 in government bonds, has business loan debt of ₹3,00,000, and has ₹3,00,000 in liquid savings. Vikram Singh earns ₹15,00,000, spends ₹8,00,000, and has invested ₹4,50,000 in ETFs. He has an education loan of ₹2,00,000 and a business loan of ₹4,50,000.', 'schema': {'$schema': 'http://json-schema.org/draft-07/schema#', 'type': 'object', 'properties': {'date': {'type': 'string', 'format': 'date'}, 'users': {'type': 'array', 'items': {'type': 'object', 'properties': {'name': {'type': 'string'}, 'salary': {'type': 'integer', 'minimum': 0}, 'expenses': {'type': 'integer', 'minimum': 0}, 'investments': {'type': 'object', 'additionalProperties': {'type': 'integer', 'minimum': 0}}, 'debts': {'type': 'object', 'additionalProperties': {'type': 'integer', 'minimum': 0}}, 'loans': {'type': 'object', 'additionalProperties': {'type': 'integer', 'minimum': 0}}, 'savings': {'type': 'integer', 'minimum': 0}}, 'required': ['name', 'salary', 'expenses']}}}, 'required': ['date', 'users']}}","{'date': '2025-02-22', 'users': [{'name': 'Rahul Sharma', 'salary': 1200000, 'expenses': 600000, 'investments': {'mutual funds and ₹1': 300000}, 'debts': {}, 'loans': {}, 'savings': 0}, {'name': 'Anil Mehta', 'salary': 950000, 'expenses': 400000, 'investments': {}, 'debts': {}, 'loans': {}, 'savings': 0}, {'name': 'Vikram Singh', 'salary': 1500000, 'expenses': 800000, 'investments': {'etfs': 450000}, 'debts': {}, 'loans': {}, 'savings': 0}]}"
10,2025-02-25 00:35:50.311826,"{'date': '2025-02-22', 'text': 'On 22nd February 2025, the financial summary for multiple users was generated. Rahul Sharma earns ₹12,00,000 annually, spends ₹6,00,000, and has invested ₹3,00,000 in mutual funds and ₹1,50,000 in stocks. He also has a credit card debt of ₹2,00,000. Priya Verma has an annual salary of ₹18,50,000 with expenses of ₹9,75,000. She has invested ₹2,50,000 in real estate and ₹1,00,000 in gold, and has a home loan of ₹5,00,000. Anil Mehta earns ₹9,50,000 per year and spends ₹4,00,000. He has a personal loan debt of ₹1,00,000 and a car loan of ₹3,50,000, along with savings of ₹1,75,000 in fixed deposits. Sunita Kapoor has a yearly salary of ₹22,00,000 and spends ₹10,00,000. She has invested ₹5,00,000 in government bonds, has business loan debt of ₹3,00,000, and has ₹3,00,000 in liquid savings. Vikram Singh earns ₹15,00,000, spends ₹8,00,000, and has invested ₹4,50,000 in ETFs. He has an education loan of ₹2,00,000 and a business loan of ₹4,50,000.', 'schema': {'$schema': 'http://json-schema.org/draft-07/schema#', 'type': 'object', 'properties': {'date': {'type': 'string', 'format': 'date'}, 'users': {'type': 'array', 'items': {'type': 'object', 'properties': {'name': {'type': 'string'}, 'salary': {'type': 'integer', 'minimum': 0}, 'expenses': {'type': 'integer', 'minimum': 0}, 'investments': {'type': 'object', 'additionalProperties': {'type': 'integer', 'minimum': 0}}, 'debts': {'type': 'object', 'additionalProperties': {'type': 'integer', 'minimum': 0}}, 'loans': {'type': 'object', 'additionalProperties': {'type': 'integer', 'minimum': 0}}, 'savings': {'type': 'integer', 'minimum': 0}}, 'required': ['name', 'salary', 'expenses']}}}, 'required': ['date', 'users']}, 'model': 'llama2'}","{'date': '2025-02-22', 'users': [{'name': 'Rahul Sharma', 'salary': 1200000, 'expenses': 600000, 'investments': {'mutual funds and ₹1': 300000}, 'debts': {}, 'loans': {}, 'savings': 0}, {'name': 'Anil Mehta', 'salary': 950000, 'expenses': 400000, 'investments': {}, 'debts': {}, 'loans': {}, 'savings': 0}, {'name': 'Vikram Singh', 'salary': 1500000, 'expenses': 800000, 'investments': {'etfs': 450000}, 'debts': {}, 'loans': {}, 'savings': 0}]}"
